case_id,case_name,aerotropolis,country,is_target,airport_name,reference_city,official_website,source_list,n_sources,n_crawled,n_pages,last_crawl
incheon,Incheon Airport City / IFEZ,Incheon Aerotropolis / Incheon Free Economic Zone,Hàn Quốc,False,Incheon International Airport,Incheon – Seoul,https://www.airport.kr,refer_file/sources.csv,21,21,21,2026-08-09T13:29:11.921021+00:00
schiphol,Schiphol Airport City,Schiphol Airport City / Amsterdam Aerotropolis,Hà Lan,False,Amsterdam Airport Schiphol,Amsterdam,https://www.schiphol.nl,refer_file/sources.csv,29,27,28,2026-08-08T03:46:26.059803+00:00
dubai_south,Dubai South,Dubai South / Dubai World Central,UAE,False,Al Maktoum International Airport,Dubai,https://www.dubaisouth.ae,refer_file/sources.csv,18,18,18,2026-08-09T14:43:45.507081+00:00
changi,Singapore Changi Aerotropolis,Changi Airport City / Changi East,Singapore,False,Singapore Changi Airport,Singapore,https://www.changiairport.com,refer_file/sources.csv,15,15,15,2026-08-09T14:43:06.985296+00:00
hong_kong,Hong Kong Airport City / SKYCITY,Hong Kong Airport City / SKYCITY,Hong Kong,False,Hong Kong International Airport,Hong Kong,https://www.hongkongairport.com,refer_file/sources.csv,15,15,15,2026-08-09T14:54:27.564981+00:00
dfw,Dallas–Fort Worth Aerotropolis,DFW Aerotropolis / DFW Airport commercial land,Mỹ,False,Dallas Fort Worth International Airport,Dallas – Fort Worth,https://www.dfwairport.com,refer_file/sources.csv,15,15,15,2026-08-09T14:57:29.133590+00:00
frankfurt,Frankfurt Airport City,Frankfurt Airport City / Gateway Gardens,Đức,False,Frankfurt Airport,Frankfurt Rhine-Main,https://www.fraport.com,refer_file/sources.csv,14,14,14,2026-08-09T14:58:07.745206+00:00
kuala_lumpur,KLIA Aeropolis,KLIA Aeropolis / Airport City Sepang,Malaysia,False,Kuala Lumpur International Airport,Kuala Lumpur – Sepang,https://www.aeropolis.com.my,refer_file/sources.csv,14,14,14,2026-08-09T14:58:03.544292+00:00
taoyuan,Taoyuan Aerotropolis,Taoyuan Aerotropolis / Đô thị sân bay Đào Viên,Đài Loan,False,Taiwan Taoyuan International Airport,Đào Viên – Đài Bắc,https://www.taoyuanairport.com.tw,refer_file/sources.csv,30,28,29,2026-08-19T06:54:58.686280+00:00
western_sydney,Western Sydney Aerotropolis,Western Sydney Aerotropolis / Bradfield City,Úc,False,Western Sydney International (Nancy-Bird Walton),Sydney,https://www.wsiairport.com.au,refer_file/sources.csv,19,19,19,2026-08-09T13:32:43.449244+00:00
zhengzhou,Zhengzhou Airport Economy Zone (ZAEZ),Zhengzhou Airport Economy Zone (ZAEZ),🇨🇳 Trung Quốc,,Zhengzhou Xinzheng International (CGO),,,refer_file/sources.csv,20,0,0,
beijing_daxing,Beijing Daxing Airport Economic Zone,Beijing Daxing Airport Economic Zone,🇨🇳 Trung Quốc,,Beijing Daxing International (PKX),,,(chưa có nguồn — chạy discover_sources.py),0,0,0,
chengdu_tianfu,Chengdu Tianfu Airport City,Chengdu Tianfu Airport City,🇨🇳 Trung Quốc,,Chengdu Tianfu International (TFU),,,(chưa có nguồn — chạy discover_sources.py),0,0,0,
shanghai_hongqiao,Shanghai Hongqiao Airport Economy Zone / CBD,Shanghai Hongqiao Airport Economy Zone / CBD,🇨🇳 Trung Quốc,,Shanghai Hongqiao (SHA),,,refer_file/_discovered/,16,16,16,2026-08-19T09:23:04.024106+00:00
guangzhou_baiyun,Guangzhou Baiyun Airport Economic Zone,Guangzhou Baiyun Airport Economic Zone,🇨🇳 Trung Quốc,,Guangzhou Baiyun International (CAN),,,(chưa có nguồn — chạy discover_sources.py),0,0,0,
roissy_cdg,Roissy–CDG / Le Bourget Aerotropolis,Roissy–CDG / Le Bourget Aerotropolis,🇫🇷 Pháp,,Paris Charles de Gaulle (CDG),,,(chưa có nguồn — chạy discover_sources.py),0,0,0,
munich,Munich Airport City,Munich Airport City,🇩🇪 Đức,,Munich Airport (MUC),,,(chưa có nguồn — chạy discover_sources.py),0,0,0,
zurich,Zurich Airport City / The Circle,Zurich Airport City / The Circle,🇨🇭 Thụy Sĩ,,Zurich Airport (ZRH),,,(chưa có nguồn — chạy discover_sources.py),0,0,0,
vienna,Vienna Airport City,Vienna Airport City,🇦🇹 Áo,,Vienna International Airport (VIE),,,(chưa có nguồn — chạy discover_sources.py),0,0,0,
stockholm,Airport City Stockholm (Arlanda),Airport City Stockholm (Arlanda),🇸🇪 Thụy Điển,,Stockholm Arlanda (ARN),,,(chưa có nguồn — chạy discover_sources.py),0,0,0,
manchester,Manchester Airport City,Manchester Airport City,🇬🇧 Anh,,Manchester Airport (MAN),,,(chưa có nguồn — chạy discover_sources.py),0,0,0,
madrid_barajas,Madrid–Barajas Airport City,Madrid–Barajas Airport City,🇪🇸 Tây Ban Nha,,Adolfo Suárez Madrid–Barajas (MAD),,,(chưa có nguồn — chạy discover_sources.py),0,0,0,
istanbul,Istanbul Airport Aerotropolis,Istanbul Airport Aerotropolis,🇹🇷 Thổ Nhĩ Kỳ,,Istanbul Airport (IST),,,(chưa có nguồn — chạy discover_sources.py),0,0,0,
doha,Airport City Doha,Airport City Doha,🇶🇦 Qatar,,Hamad International Airport (DOH),,,(chưa có nguồn — chạy discover_sources.py),0,0,0,
zayed,Zayed Airport Business City / Abu Dhabi,Zayed Airport Business City / Abu Dhabi,🇦🇪 UAE,,Zayed International Airport (AUH),,,(chưa có nguồn — chạy discover_sources.py),0,0,0,
king_salman,King Salman International Airport City,King Salman International Airport City,🇸🇦 Ả Rập Xê Út,,King Salman International (RUH),,,(chưa có nguồn — chạy discover_sources.py),0,0,0,
tel_aviv,Airport City Tel Aviv,Airport City Tel Aviv,🇮🇱 Israel,,Ben Gurion International (TLV),,,(chưa có nguồn — chạy discover_sources.py),0,0,0,
cairo,Cairo Airport City,Cairo Airport City,🇪🇬 Ai Cập,,Cairo International Airport (CAI),,,(chưa có nguồn — chạy discover_sources.py),0,0,0,
ekurhuleni,Ekurhuleni Aerotropolis,Ekurhuleni Aerotropolis,🇿🇦 Nam Phi,,O.R. Tambo International (JNB),,,(chưa có nguồn — chạy discover_sources.py),0,0,0,
durban,Durban Aerotropolis / Dube TradePort,Durban Aerotropolis / Dube TradePort,🇿🇦 Nam Phi,,King Shaka International (DUR),,,(chưa có nguồn — chạy discover_sources.py),0,0,0,
addis_ababa_bole,Addis Ababa Bole Airport City,Addis Ababa Bole Airport City,🇪🇹 Ethiopia,,Bole International Airport (ADD),,,(chưa có nguồn — chạy discover_sources.py),0,0,0,
delhi,Delhi Aerocity,Delhi Aerocity,🇮🇳 Ấn Độ,,Indira Gandhi International (DEL),,,(chưa có nguồn — chạy discover_sources.py),0,0,0,
noida,Noida International (Jewar) Aerotropolis,Noida International (Jewar) Aerotropolis,🇮🇳 Ấn Độ,,Noida International Airport (DXN),,,(chưa có nguồn — chạy discover_sources.py),0,0,0,
bengaluru,Bengaluru Airport City,Bengaluru Airport City,🇮🇳 Ấn Độ,,Kempegowda International (BLR),,,(chưa có nguồn — chạy discover_sources.py),0,0,0,
hyderabad,Hyderabad Aerocity / GMR Airport City,Hyderabad Aerocity / GMR Airport City,🇮🇳 Ấn Độ,,Rajiv Gandhi International (HYD),,,(chưa có nguồn — chạy discover_sources.py),0,0,0,
suvarnabhumi,Suvarnabhumi Airport City,Suvarnabhumi Airport City,🇹🇭 Thái Lan,,Suvarnabhumi Airport (BKK),,,(chưa có nguồn — chạy discover_sources.py),0,0,0,
u_tapao,U-Tapao Aerotropolis / EEC,U-Tapao Aerotropolis / EEC,🇹🇭 Thái Lan,,U-Tapao International (UTP),,,(chưa có nguồn — chạy discover_sources.py),0,0,0,
clark,Clark Aerotropolis / New Clark City,Clark Aerotropolis / New Clark City,🇵🇭 Philippines,,Clark International Airport (CRK),,,(chưa có nguồn — chạy discover_sources.py),0,0,0,
soekarno_hatta,Soekarno-Hatta Airport City (Jakarta),Soekarno-Hatta Airport City (Jakarta),🇮🇩 Indonesia,,Soekarno-Hatta International (CGK),,,(chưa có nguồn — chạy discover_sources.py),0,0,0,
long_thanh,Long Thành Airport City,Long Thành Airport City,🇻🇳 Việt Nam,,Long Thanh International Airport,,,(chưa có nguồn — chạy discover_sources.py),0,0,0,
narita,Narita Airport City,Narita Airport City,🇯🇵 Nhật Bản,,Narita International Airport (NRT),,,(chưa có nguồn — chạy discover_sources.py),0,0,0,
haneda_innovation_city,Haneda Innovation City (HICity),Haneda Innovation City (HICity),🇯🇵 Nhật Bản,,Tokyo Haneda Airport (HND),,,(chưa có nguồn — chạy discover_sources.py),0,0,0,
auckland,Auckland Airport Business District,Auckland Airport Business District,🇳🇿 New Zealand,,Auckland Airport (AKL),,,(chưa có nguồn — chạy discover_sources.py),0,0,0,
denver,Denver Aerotropolis,Denver Aerotropolis,🇺🇸 Mỹ,,Denver International Airport (DEN),,,(chưa có nguồn — chạy discover_sources.py),0,0,0,
orlando,Orlando Aerotropolis / Lake Nona,Orlando Aerotropolis / Lake Nona,🇺🇸 Mỹ,,Orlando International Airport (MCO),,,(chưa có nguồn — chạy discover_sources.py),0,0,0,
memphis,Memphis Aerotropolis,Memphis Aerotropolis,🇺🇸 Mỹ,,Memphis International Airport (MEM),,,(chưa có nguồn — chạy discover_sources.py),0,0,0,
detroit_region,Detroit Region Aerotropolis,Detroit Region Aerotropolis,🇺🇸 Mỹ,,Detroit Metro (DTW) + Willow Run,,,(chưa có nguồn — chạy discover_sources.py),0,0,0,
atlanta,Atlanta Aerotropolis,Atlanta Aerotropolis,🇺🇸 Mỹ,,Hartsfield–Jackson Atlanta (ATL),,,(chưa có nguồn — chạy discover_sources.py),0,0,0,
panama,Panamá Aerotropolis / Tocumen,Panamá Aerotropolis / Tocumen,🇵🇦 Panama,,Tocumen International Airport (PTY),,,(chưa có nguồn — chạy discover_sources.py),0,0,0,
belo_horizonte,Belo Horizonte Aerotropolis / Confins,Belo Horizonte Aerotropolis / Confins,🇧🇷 Brazil,,Belo Horizonte–Confins (CNF),,,(chưa có nguồn — chạy discover_sources.py),0,0,0,
athens,Athens Airport City,Athens Airport City,🇬🇷 Hy Lạp,,Athens International (ATH),,,(chưa có nguồn — chạy discover_sources.py),0,0,0,
barcelona_el_prat,Barcelona El Prat Airport City,Barcelona El Prat Airport City,🇪🇸 Tây Ban Nha,,Barcelona El Prat (BCN),,,(chưa có nguồn — chạy discover_sources.py),0,0,0,
bremen_stadt,Bremen Airport-Stadt,Bremen Airport-Stadt,🇩🇪 Đức,,Bremen Airport (BRE),,,(chưa có nguồn — chạy discover_sources.py),0,0,0,
budapest,Budapest Airport City / BUD Cargo City,Budapest Airport City / BUD Cargo City,🇭🇺 Hungary,,Budapest Ferenc Liszt (BUD),,,(chưa có nguồn — chạy discover_sources.py),0,0,0,
dublin_logistics_park,Dublin Airport Logistics Park,Dublin Airport Logistics Park,🇮🇪 Ireland,,Dublin Airport (DUB),,,(chưa có nguồn — chạy discover_sources.py),0,0,0,
helsinki_aviapolis,Helsinki Aviapolis,Helsinki Aviapolis,🇫🇮 Phần Lan,,Helsinki-Vantaa (HEL),,,(chưa có nguồn — chạy discover_sources.py),0,0,0,
heathrow,Heathrow Airport City / West London,Heathrow Airport City / West London,🇬🇧 Anh,,London Heathrow (LHR),,,(chưa có nguồn — chạy discover_sources.py),0,0,0,
domodedovo,Domodedovo Airport City,Domodedovo Airport City,🇷🇺 Nga,,Moscow Domodedovo (DME),,,(chưa có nguồn — chạy discover_sources.py),0,0,0,
oslo,Oslo Airport City (Gardermoen),Oslo Airport City (Gardermoen),🇳🇴 Na Uy,,Oslo Airport (OSL),,,(chưa có nguồn — chạy discover_sources.py),0,0,0,
paris_vatry_eurocargo,Paris Vatry Eurocargo Hub,Paris Vatry Eurocargo Hub,🇫🇷 Pháp,,Paris Vatry (XCR),,,(chưa có nguồn — chạy discover_sources.py),0,0,0,
warsaw_chopin,Warsaw Chopin / Airport City Poland,Warsaw Chopin / Airport City Poland,🇵🇱 Ba Lan,,Warsaw Chopin (WAW),,,(chưa có nguồn — chạy discover_sources.py),0,0,0,
dubai_aviation_district,Dubai International Aviation District (DXB),Dubai International Aviation District (DXB),🇦🇪 UAE,,Dubai International (DXB),,,(chưa có nguồn — chạy discover_sources.py),0,0,0,
jeddah,Jeddah Airport City,Jeddah Airport City,🇸🇦 Ả Rập Xê Út,,King Abdulaziz International (JED),,,(chưa có nguồn — chạy discover_sources.py),0,0,0,
beijing_capital,Beijing Capital Airport Economic Zone,Beijing Capital Airport Economic Zone,🇨🇳 Trung Quốc,,Beijing Capital International (PEK),,,(chưa có nguồn — chạy discover_sources.py),0,0,0,
brisbane_precinct,Brisbane Airport Precinct,Brisbane Airport Precinct,🇦🇺 Australia,,Brisbane Airport (BNE),,,(chưa có nguồn — chạy discover_sources.py),0,0,0,
cochin,Cochin Airport City (CIAL),Cochin Airport City (CIAL),🇮🇳 Ấn Độ,,Cochin International (COK),,,(chưa có nguồn — chạy discover_sources.py),0,0,0,
shanghai_pudong,Shanghai Pudong Airport Economy Zone,Shanghai Pudong Airport Economy Zone,🇨🇳 Trung Quốc,,Shanghai Pudong (PVG),,,(chưa có nguồn — chạy discover_sources.py),0,0,0,
subic_bay_freeport,Subic Bay Freeport Airport Zone,Subic Bay Freeport Airport Zone,🇵🇭 Philippines,,Subic Bay International (SFS),,,(chưa có nguồn — chạy discover_sources.py),0,0,0,
zhuhai_jinwan_aviation,Zhuhai Jinwan Aviation City,Zhuhai Jinwan Aviation City,🇨🇳 Trung Quốc,,Zhuhai Jinwan (ZUH),,,(chưa có nguồn — chạy discover_sources.py),0,0,0,
gia_binh,Gia Bình Airport City,Gia Bình Airport City,🇻🇳 Việt Nam,,Gia Bình International Airport,,,(chưa có nguồn — chạy discover_sources.py),0,0,0,
new_manila,New Manila International Airport City (Bulacan),New Manila International Airport City (Bulacan),🇵🇭 Philippines,,New Manila International (Bulacan),,,(chưa có nguồn — chạy discover_sources.py),0,0,0,
bwi,BWI Airport Business District,BWI Airport Business District,🇺🇸 Mỹ,,Baltimore-Washington (BWI),,,(chưa có nguồn — chạy discover_sources.py),0,0,0,
charlotte_area,Charlotte Airport Area / Dixie River,Charlotte Airport Area / Dixie River,🇺🇸 Mỹ,,Charlotte Douglas (CLT),,,(chưa có nguồn — chạy discover_sources.py),0,0,0,
chicago_o_hare,Chicago O'Hare Aerotropolis,Chicago O'Hare Aerotropolis,🇺🇸 Mỹ,,Chicago O'Hare (ORD),,,(chưa có nguồn — chạy discover_sources.py),0,0,0,
cleveland_hopkins_district,Cleveland Hopkins Airport District,Cleveland Hopkins Airport District,🇺🇸 Mỹ,,Cleveland Hopkins (CLE),,,(chưa có nguồn — chạy discover_sources.py),0,0,0,
edmonton,Edmonton Airport City / Alberta Aerotropolis,Edmonton Airport City / Alberta Aerotropolis,🇨🇦 Canada,,Edmonton International (YEG),,,(chưa có nguồn — chạy discover_sources.py),0,0,0,
fort_worth_alliance,Fort Worth Alliance Global Logistics Hub,Fort Worth Alliance Global Logistics Hub,🇺🇸 Mỹ,,Fort Worth Alliance (AFW),,,(chưa có nguồn — chạy discover_sources.py),0,0,0,
huntsville,Huntsville / Port of Huntsville,Huntsville / Port of Huntsville,🇺🇸 Mỹ,,Huntsville International (HSV),,,(chưa có nguồn — chạy discover_sources.py),0,0,0,
indianapolis,Indianapolis Aerotropolis,Indianapolis Aerotropolis,🇺🇸 Mỹ,,Indianapolis International (IND),,,(chưa có nguồn — chạy discover_sources.py),0,0,0,
jackson_evers,Jackson-Evers Aerotropolis,Jackson-Evers Aerotropolis,🇺🇸 Mỹ,,Jackson-Evers International (JAN),,,(chưa có nguồn — chạy discover_sources.py),0,0,0,
hamilton,Hamilton Aerotropolis (Munro),Hamilton Aerotropolis (Munro),🇨🇦 Canada,,John C. Munro Hamilton (YHM),,,(chưa có nguồn — chạy discover_sources.py),0,0,0,
jfk_redevelopment,JFK Airport Redevelopment / Aerotropolis,JFK Airport Redevelopment / Aerotropolis,🇺🇸 Mỹ,,John F. Kennedy International (JFK),,,(chưa có nguồn — chạy discover_sources.py),0,0,0,
kansas_city,Kansas City Airport City,Kansas City Airport City,🇺🇸 Mỹ,,Kansas City International (MCI),,,(chưa có nguồn — chạy discover_sources.py),0,0,0,
ontario_logistics_cluster,Ontario Airport Logistics Cluster (Inland Empire),Ontario Airport Logistics Cluster (Inland Empire),🇺🇸 Mỹ,,Ontario International (ONT),,,(chưa có nguồn — chạy discover_sources.py),0,0,0,
st_louis,St. Louis Aerotropolis / Midcoast,St. Louis Aerotropolis / Midcoast,🇺🇸 Mỹ,,St. Louis Lambert (STL),,,(chưa có nguồn — chạy discover_sources.py),0,0,0,
lax_area,LAX Airport Area / LA Aerotropolis,LAX Airport Area / LA Aerotropolis,🇺🇸 Mỹ,,Los Angeles International (LAX),,,(chưa có nguồn — chạy discover_sources.py),0,0,0,
louisville,Louisville Aerotropolis (UPS Worldport),Louisville Aerotropolis (UPS Worldport),🇺🇸 Mỹ,,Louisville International (SDF),,,(chưa có nguồn — chạy discover_sources.py),0,0,0,
las_vegas_harry,Las Vegas Harry Reid Airport District,Las Vegas Harry Reid Airport District,🇺🇸 Mỹ,,Harry Reid International (LAS),,,(chưa có nguồn — chạy discover_sources.py),0,0,0,
miami,Miami Aerotropolis / Airport City,Miami Aerotropolis / Airport City,🇺🇸 Mỹ,,Miami International (MIA),,,(chưa có nguồn — chạy discover_sources.py),0,0,0,
milwaukee_mitchell,Milwaukee Mitchell Airport Business District,Milwaukee Mitchell Airport Business District,🇺🇸 Mỹ,,Milwaukee Mitchell (MKE),,,(chưa có nguồn — chạy discover_sources.py),0,0,0,
msp_economic_area,MSP Airport Economic Area,MSP Airport Economic Area,🇺🇸 Mỹ,,Minneapolis-Saint Paul (MSP),,,(chưa có nguồn — chạy discover_sources.py),0,0,0,
newark_liberty,Newark Liberty / Port Authority District,Newark Liberty / Port Authority District,🇺🇸 Mỹ,,Newark Liberty International (EWR),,,(chưa có nguồn — chạy discover_sources.py),0,0,0,
northwest_florida_beaches,Northwest Florida Beaches Airport & VentureCrossings,Northwest Florida Beaches Airport & VentureCrossings,🇺🇸 Mỹ,,Northwest Florida Beaches (ECP),,,(chưa có nguồn — chạy discover_sources.py),0,0,0,
philadelphia,Philadelphia Airport City,Philadelphia Airport City,🇺🇸 Mỹ,,Philadelphia International (PHL),,,(chưa có nguồn — chạy discover_sources.py),0,0,0,
phoenix_sky_harbor,Phoenix Sky Harbor Airport District,Phoenix Sky Harbor Airport District,🇺🇸 Mỹ,,Phoenix Sky Harbor (PHX),,,(chưa có nguồn — chạy discover_sources.py),0,0,0,
phoenix_mesa_gateway,Phoenix-Mesa Gateway Aerotropolis,Phoenix-Mesa Gateway Aerotropolis,🇺🇸 Mỹ,,Phoenix-Mesa Gateway (AZA),,,(chưa có nguồn — chạy discover_sources.py),0,0,0,
piedmont_triad,Piedmont Triad Aerotropolis,Piedmont Triad Aerotropolis,🇺🇸 Mỹ,,Piedmont Triad International (GSO),,,(chưa có nguồn — chạy discover_sources.py),0,0,0,
pittsburgh_innovation_campus,Pittsburgh Airport Innovation Campus,Pittsburgh Airport Innovation Campus,🇺🇸 Mỹ,,Pittsburgh International (PIT),,,(chưa có nguồn — chạy discover_sources.py),0,0,0,
raleigh_durham,Raleigh-Durham / Research Triangle Aerotropolis,Raleigh-Durham / Research Triangle Aerotropolis,🇺🇸 Mỹ,,Raleigh-Durham International (RDU),,,(chưa có nguồn — chạy discover_sources.py),0,0,0,
rickenbacker_global_logistics,Rickenbacker Global Logistics Park,Rickenbacker Global Logistics Park,🇺🇸 Mỹ,,Rickenbacker International (LCK),,,(chưa có nguồn — chạy discover_sources.py),0,0,0,
ted_stevens_anchorage,Ted Stevens Anchorage Cargo Hub,Ted Stevens Anchorage Cargo Hub,🇺🇸 Mỹ,,Ted Stevens Anchorage (ANC),,,(chưa có nguồn — chạy discover_sources.py),0,0,0,
vancouver_yvr,Vancouver YVR Airport City,Vancouver YVR Airport City,🇨🇦 Canada,,Vancouver International (YVR),,,(chưa có nguồn — chạy discover_sources.py),0,0,0,
dulles_innovation_corridor,Dulles Airport Innovation Corridor,Dulles Airport Innovation Corridor,🇺🇸 Mỹ,,Washington Dulles (IAD),,,(chưa có nguồn — chạy discover_sources.py),0,0,0,
